date,close
2015-08-31,41.82
2015-09-01,43.36
2015-09-02,43.5
2015-09-03,42.61
2015-09-07,43.89
2015-09-08,43.07
2015-09-09,43.29
2015-09-10,43.48
2015-09-13,43.04
2015-09-14,43.98
2015-09-15,44.3
2015-09-16,44.25
2015-09-17,43.48
2015-09-20,44.11
2015-09-21,43.9
2015-09-22,43.87
2015-09-23,43.91
2015-09-24,43.94
2015-09-27,43.29
2015-09-28,43.44
2015-09-29,44.2
2015-09-30,44.61
2015-10-01,45.57
2015-10-04,46.63
2015-10-05,46.75
2015-10-06,46.8
2015-10-07,47.45
2015-10-08,47.11
2015-10-11,47.0
2015-10-12,46.89
2015-10-13,46.68
2015-10-14,47.01
2015-10-15,47.51
2015-10-18,47.62
2015-10-19,47.77
2015-10-20,47.2
2015-10-21,48.03
2015-10-22,52.87
2015-10-25,54.25
2015-10-26,53.69
2015-10-27,53.98
2015-10-28,53.36
2015-10-29,52.64
2015-11-01,53.24
2015-11-02,54.15
2015-11-03,54.4
2015-11-04,54.38
2015-11-05,54.92
2015-11-08,54.16
2015-11-09,53.51
2015-11-10,53.65
2015-11-11,53.32
2015-11-12,52.84
2015-11-15,53.765
2015-11-16,52.97
2015-11-17,53.85
2015-11-18,53.94
2015-11-19,54.19
2015-11-22,54.19
2015-11-23,54.25
2015-11-24,53.69
2015-11-26,53.93
2015-11-29,54.35
2015-11-30,55.22
2015-12-01,55.21
2015-12-02,54.2
2015-12-03,55.91
2015-12-06,55.81
2015-12-07,55.79
2015-12-08,54.98
2015-12-09,55.27
2015-12-10,54.06
2015-12-13,55.14
2015-12-14,55.2
2015-12-15,56.13
2015-12-16,55.7
2015-12-17,54.13
2015-12-20,54.83
2015-12-21,55.35
2015-12-22,55.82
2015-12-23,55.67
2015-12-27,55.95
2015-12-28,56.55
2015-12-29,56.31
2015-12-30,55.48
2016-01-03,54.8
2016-01-04,55.05
2016-01-05,54.05
2016-01-06,52.17
2016-01-07,52.33
2016-01-10,52.3
2016-01-11,52.78
2016-01-12,51.64
2016-01-13,53.11
2016-01-14,50.99
2016-01-18,50.56
2016-01-19,50.79
2016-01-20,50.48
2016-01-21,52.29
2016-01-24,51.79
2016-01-25,52.17
2016-01-26,51.22
2016-01-27,52.055
2016-01-28,55.09
2016-01-31,54.71
2016-02-01,53.0
2016-02-02,52.16
2016-02-03,52.0
2016-02-04,50.16
2016-02-07,49.41
2016-02-08,49.28
2016-02-09,49.71
2016-02-10,49.69
2016-02-11,50.5
2016-02-15,51.09
2016-02-16,52.42
2016-02-17,52.19
2016-02-18,51.82
2016-02-21,52.65
2016-02-22,51.18
2016-02-23,51.36
2016-02-24,52.1
2016-02-25,51.3
2016-02-28,50.88
2016-02-29,52.58
2016-03-01,52.95
2016-03-02,52.35
2016-03-03,52.03
2016-03-06,51.03
2016-03-07,51.65
2016-03-08,52.84
2016-03-09,52.05
2016-03-10,53.07
2016-03-13,53.17
2016-03-14,53.59
2016-03-15,54.35
2016-03-16,54.66
2016-03-17,53.49
2016-03-20,53.86
2016-03-21,54.07
2016-03-22,53.97
2016-03-23,54.21
2016-03-27,53.54
2016-03-28,54.71
2016-03-29,55.05
2016-03-30,55.23
2016-03-31,55.57
2016-04-03,55.43
2016-04-04,54.56
2016-04-05,55.12
2016-04-06,54.46
2016-04-07,54.42
2016-04-10,54.31
2016-04-11,54.65
2016-04-12,55.35
2016-04-13,55.36
2016-04-14,55.65
2016-04-17,56.46
2016-04-18,56.39
2016-04-19,55.59
2016-04-20,55.78
2016-04-21,51.78
2016-04-24,52.11
2016-04-25,51.44
2016-04-26,50.94
2016-04-27,49.9
2016-04-28,49.87
2016-05-01,50.61
2016-05-02,49.78
2016-05-03,49.87
2016-05-04,49.94
2016-05-05,50.39
2016-05-08,50.07
2016-05-09,51.02
2016-05-10,51.05
2016-05-11,51.51
2016-05-12,51.08
2016-05-15,51.83
2016-05-16,50.51
2016-05-17,50.81
2016-05-18,50.32
2016-05-19,50.62
2016-05-22,50.03
2016-05-23,51.59
2016-05-24,52.12
2016-05-25,51.89
2016-05-26,52.32
2016-05-30,53.0
2016-05-31,52.85
2016-06-01,52.48
2016-06-02,51.79
2016-06-05,52.13
2016-06-06,52.1
2016-06-07,52.04
2016-06-08,51.62
2016-06-09,51.48
2016-06-12,50.14
2016-06-13,49.83
2016-06-14,49.69
2016-06-15,50.39
2016-06-16,50.13
2016-06-19,50.07
2016-06-20,51.19
2016-06-21,50.99
2016-06-22,51.91
2016-06-23,49.83
2016-06-26,48.43
2016-06-27,49.44
2016-06-28,50.54
2016-06-29,51.17
2016-06-30,51.16
2016-07-04,51.17
2016-07-05,51.38
2016-07-06,51.38
2016-07-07,52.3
2016-07-10,52.59
2016-07-11,53.21
2016-07-12,53.51
2016-07-13,53.74
2016-07-14,53.7
2016-07-17,53.96
2016-07-18,53.09
2016-07-19,55.91
2016-07-20,55.8
2016-07-21,56.57
2016-07-24,56.73
2016-07-25,56.76
2016-07-26,56.19
2016-07-27,56.21
2016-07-28,56.68
2016-07-31,56.58
2016-08-01,56.58
2016-08-02,56.97
2016-08-03,57.39
2016-08-04,57.96
2016-08-07,58.06
2016-08-08,58.2
2016-08-09,58.02
2016-08-10,58.3
2016-08-11,57.94
2016-08-14,58.12
2016-08-15,57.44
2016-08-16,57.56
2016-08-17,57.6
2016-08-18,57.62
2016-08-21,57.67
2016-08-22,57.89
2016-08-23,57.95
2016-08-24,58.17
2016-08-25,58.03
2016-08-28,58.1
2016-08-29,57.89
2016-08-30,57.46
2016-08-31,57.59
2016-09-01,57.67
2016-09-05,57.61
2016-09-06,57.66
2016-09-07,57.43
2016-09-08,56.21
2016-09-11,57.05
2016-09-12,56.53
2016-09-13,56.26
2016-09-14,57.19
2016-09-15,57.25
2016-09-18,56.93
2016-09-19,56.81
2016-09-20,57.76
2016-09-21,57.82
2016-09-22,57.43
2016-09-25,56.9
2016-09-26,57.95
2016-09-27,58.03
2016-09-28,57.4
2016-09-29,57.6
2016-10-02,57.42
2016-10-03,57.24
2016-10-04,57.64
2016-10-05,57.74
2016-10-06,57.8
2016-10-09,58.04
2016-10-10,57.19
2016-10-11,57.11
2016-10-12,56.92
2016-10-13,57.42
2016-10-16,57.22
2016-10-17,57.66
2016-10-18,57.53
2016-10-19,57.25
2016-10-20,59.66
2016-10-23,61.0
2016-10-24,60.99
2016-10-25,60.63
2016-10-26,60.1
2016-10-27,59.87
2016-10-30,59.92
2016-10-31,59.8
2016-11-01,59.43
2016-11-02,59.21
2016-11-03,58.71
2016-11-06,60.42
2016-11-07,60.47
2016-11-08,60.17
2016-11-09,58.7
2016-11-10,59.02
2016-11-13,58.12
2016-11-14,58.87
2016-11-15,59.65
2016-11-16,60.64
2016-11-17,60.35
2016-11-20,60.86
2016-11-21,61.12
2016-11-22,60.4
2016-11-24,60.53
2016-11-27,60.61
2016-11-28,61.09
2016-11-29,60.26
2016-11-30,59.2
2016-12-01,59.25
2016-12-04,60.22
2016-12-05,59.95
2016-12-06,61.37
2016-12-07,61.01
2016-12-08,61.97
2016-12-11,62.17
2016-12-12,62.98
2016-12-13,62.68
2016-12-14,62.58
2016-12-15,62.3
2016-12-18,63.62
2016-12-19,63.54
2016-12-20,63.54
2016-12-21,63.55
2016-12-22,63.24
2016-12-26,63.28
2016-12-27,62.99
2016-12-28,62.9
2016-12-29,62.14
2017-01-02,62.58
2017-01-03,62.3
2017-01-04,62.3
2017-01-05,62.84
2017-01-08,62.64
2017-01-09,62.62
2017-01-10,63.19
2017-01-11,62.61
2017-01-12,62.7
2017-01-16,62.53
2017-01-17,62.5
2017-01-18,62.3
2017-01-19,62.74
2017-01-22,62.96
2017-01-23,63.52
2017-01-24,63.68
2017-01-25,64.27
2017-01-26,65.78
2017-01-29,65.13
2017-01-30,64.65
2017-01-31,63.58
2017-02-01,63.17
2017-02-02,63.68
2017-02-05,63.64
2017-02-06,63.43
2017-02-07,63.34
2017-02-08,64.06
2017-02-09,64.0
2017-02-12,64.72
2017-02-13,64.57
2017-02-14,64.53
2017-02-15,64.52
2017-02-16,64.62
2017-02-20,64.49
2017-02-21,64.36
2017-02-22,64.62
2017-02-23,64.62
2017-02-26,64.23
2017-02-27,63.98
2017-02-28,64.94
2017-03-01,64.01
2017-03-02,64.25
2017-03-05,64.27
2017-03-06,64.4
2017-03-07,64.99
2017-03-08,64.73
2017-03-09,64.93
2017-03-12,64.71
2017-03-13,64.41
2017-03-14,64.75
2017-03-15,64.64
2017-03-16,64.87
2017-03-19,64.93
2017-03-20,64.21
2017-03-21,65.03
2017-03-22,64.87
2017-03-23,64.98
2017-03-26,65.1
2017-03-27,65.29
2017-03-28,65.47
2017-03-29,65.71
2017-03-30,65.86
2017-04-02,65.55
2017-04-03,65.73
2017-04-04,65.56
2017-04-05,65.73
2017-04-06,65.68
2017-04-09,65.53
2017-04-10,65.48
2017-04-11,65.23
2017-04-12,64.95
2017-04-16,65.48
2017-04-17,65.39
2017-04-18,65.04
2017-04-19,65.5
2017-04-20,66.4
2017-04-23,67.53
2017-04-24,67.92
2017-04-25,67.83
2017-04-26,68.27
2017-04-27,68.46
2017-04-30,69.41
2017-05-01,69.3
2017-05-02,69.08
2017-05-03,68.81
2017-05-04,69.0
2017-05-07,68.94
2017-05-08,69.04
2017-05-09,69.31
2017-05-10,68.46
2017-05-11,68.38
2017-05-14,68.43
2017-05-15,69.41
2017-05-16,67.48
2017-05-17,67.71
2017-05-18,67.69
2017-05-21,68.45
2017-05-22,68.68
2017-05-23,68.77
2017-05-24,69.62
2017-05-25,69.96
2017-05-29,70.41
2017-05-30,69.84
2017-05-31,70.1
2017-06-01,71.76
2017-06-04,72.28
2017-06-05,72.52
2017-06-06,72.39
2017-06-07,71.95
2017-06-08,70.32
2017-06-11,69.78
2017-06-12,70.65
2017-06-13,70.27
2017-06-14,69.9
2017-06-15,70.0
2017-06-18,70.87
2017-06-19,69.91
2017-06-20,70.27
2017-06-21,70.26
2017-06-22,71.21
2017-06-25,70.53
2017-06-26,69.21
2017-06-27,69.8
2017-06-28,68.49
2017-06-29,68.93
2017-07-02,68.17
2017-07-04,69.08
2017-07-05,68.57
2017-07-06,69.46
2017-07-09,69.98
2017-07-10,69.99
2017-07-11,71.15
2017-07-12,71.77
2017-07-13,72.78
2017-07-16,73.35
2017-07-17,73.3
2017-07-18,73.86
2017-07-19,74.22
2017-07-20,73.79
2017-07-23,73.6
2017-07-24,74.19
2017-07-25,74.05
2017-07-26,73.16
2017-07-27,73.04
2017-07-30,72.7
2017-07-31,72.58
2017-08-01,72.26
2017-08-02,72.15
2017-08-03,72.68
2017-08-06,72.4
2017-08-07,72.79
2017-08-08,72.47
2017-08-09,71.41
2017-08-10,72.5
2017-08-13,73.59
2017-08-14,73.22
2017-08-15,73.65
2017-08-16,72.4
2017-08-17,72.49
2017-08-20,72.15
2017-08-21,73.16
2017-08-22,72.72
2017-08-23,72.69
2017-08-24,72.82
2017-08-27,72.83
2017-08-28,73.05
2017-08-29,74.01
2017-08-30,74.77
2017-08-31,73.94
2017-09-04,73.61
2017-09-05,73.4
2017-09-06,74.34
2017-09-07,73.98
2017-09-10,74.76
2017-09-11,74.68
2017-09-12,75.21
2017-09-13,74.77
2017-09-14,75.31
2017-09-17,75.16
2017-09-18,75.44
2017-09-19,74.94
2017-09-20,74.21
2017-09-21,74.41
2017-09-24,73.26
2017-09-25,73.26
2017-09-26,73.85
2017-09-27,73.87
2017-09-28,74.49
2017-10-01,74.61
2017-10-02,74.26
2017-10-03,74.69
2017-10-04,75.97
2017-10-05,76.0
2017-10-08,76.29
2017-10-09,76.29
2017-10-10,76.42
2017-10-11,77.12
2017-10-12,77.49
2017-10-15,77.65
2017-10-16,77.59
2017-10-17,77.61
2017-10-18,77.91
2017-10-19,78.81
2017-10-22,78.83
2017-10-23,78.86
2017-10-24,78.63
2017-10-25,78.76
2017-10-26,83.81
2017-10-29,83.89
2017-10-30,83.18
2017-10-31,83.18
2017-11-01,84.05
2017-11-02,84.14
2017-11-05,84.47
2017-11-06,84.27
2017-11-07,84.56
2017-11-08,84.09
2017-11-09,83.87
2017-11-12,83.93
2017-11-13,84.05
2017-11-14,82.98
2017-11-15,83.2
2017-11-16,82.4
2017-11-19,82.53
2017-11-20,83.72
2017-11-21,83.11
2017-11-23,83.26
2017-11-26,83.87
2017-11-27,84.88
2017-11-28,83.34
2017-11-29,84.17
2017-11-30,84.26
2017-12-03,81.08
2017-12-04,81.59
2017-12-05,82.78
2017-12-06,82.49
2017-12-07,84.16
2017-12-10,85.23
2017-12-11,85.58
2017-12-12,85.35
2017-12-13,84.69
2017-12-14,86.85
2017-12-17,86.38
2017-12-18,85.83
2017-12-19,85.52
2017-12-20,85.5
2017-12-21,85.51
2017-12-25,85.4
2017-12-26,85.71
2017-12-27,85.72
2017-12-28,85.54
2018-01-01,85.95
2018-01-02,86.35
2018-01-03,87.11
2018-01-04,88.19
2018-01-07,88.28
2018-01-08,88.22
2018-01-09,87.82
2018-01-10,88.08
2018-01-11,89.6
2018-01-15,88.35
2018-01-16,90.14
2018-01-17,90.1
2018-01-18,90.0
2018-01-21,91.61
2018-01-22,91.9
2018-01-23,91.82
2018-01-24,92.33
2018-01-25,94.06
2018-01-28,93.92
2018-01-29,92.74
2018-01-30,95.01
2018-01-31,94.26
2018-02-01,91.78
2018-02-04,88.0
2018-02-05,91.33
2018-02-06,89.61
2018-02-07,85.01
2018-02-08,88.18
2018-02-11,89.13
2018-02-12,89.83
2018-02-13,90.81
2018-02-14,92.66
2018-02-15,92.0
2018-02-19,92.72
2018-02-20,91.49
2018-02-21,91.73
2018-02-22,94.06
2018-02-25,95.42
2018-02-26,94.2
2018-02-27,93.77
2018-02-28,92.85
2018-03-01,93.05
2018-03-04,93.64
2018-03-05,93.32
2018-03-06,93.86
2018-03-07,94.43
2018-03-08,96.54
2018-03-11,96.77
2018-03-12,94.41
2018-03-13,93.85
2018-03-14,94.18
2018-03-15,94.6
2018-03-18,92.89
2018-03-19,93.13
2018-03-20,92.48
2018-03-21,89.79
2018-03-22,87.18
2018-03-25,93.78
2018-03-26,89.47
2018-03-27,89.39
2018-03-28,91.27
2018-04-01,88.52
2018-04-02,89.71
2018-04-03,92.33
2018-04-04,92.38
2018-04-05,90.23
2018-04-08,90.77
2018-04-09,92.88
2018-04-10,91.86
2018-04-11,93.58
2018-04-12,93.08
2018-04-15,94.17
2018-04-16,96.07
2018-04-17,96.44
2018-04-18,96.11
2018-04-19,95.0
2018-04-22,95.35
2018-04-23,93.12
2018-04-24,92.31
2018-04-25,94.26
2018-04-26,95.82
2018-04-29,93.52
2018-04-30,95.0
2018-05-01,93.51
2018-05-02,94.07
2018-05-03,95.16
2018-05-06,96.22
2018-05-07,95.81
2018-05-08,96.94
2018-05-09,97.91
2018-05-10,97.7
2018-05-13,98.03
2018-05-14,97.32
2018-05-15,97.15
2018-05-16,96.18
2018-05-17,96.36
2018-05-20,97.6
2018-05-21,97.5
2018-05-22,98.66
2018-05-23,98.31
2018-05-24,98.36
2018-05-28,98.01
2018-05-29,98.95
2018-05-30,98.84
2018-05-31,100.79
2018-06-03,101.67
2018-06-04,102.19
2018-06-05,102.49
2018-06-06,100.88
2018-06-07,101.63
2018-06-10,101.05
2018-06-11,101.31
2018-06-12,100.85
2018-06-13,101.42
2018-06-14,100.13
2018-06-17,100.86
2018-06-18,100.86
2018-06-19,101.87
2018-06-20,101.14
2018-06-21,100.41
2018-06-24,98.39
2018-06-25,99.08
2018-06-26,97.54
2018-06-27,98.63
2018-06-28,98.61
2018-07-01,100.01
2018-07-02,99.05
2018-07-04,99.76
2018-07-05,101.16
2018-07-08,101.85
2018-07-09,102.12
2018-07-10,101.98
2018-07-11,104.19
2018-07-12,105.43
2018-07-15,104.91
2018-07-16,105.95
2018-07-17,105.12
2018-07-18,104.4
2018-07-19,106.27
2018-07-22,107.97
2018-07-23,107.66
2018-07-24,110.83
2018-07-25,109.62
2018-07-26,107.68
2018-07-29,105.37
2018-07-30,106.08
2018-07-31,106.28
2018-08-01,107.57
2018-08-02,108.04
2018-08-05,108.13
2018-08-06,108.88
2018-08-07,109.49
2018-08-08,109.67
2018-08-09,109.0
2018-08-12,108.21
2018-08-13,109.56
2018-08-14,107.66
2018-08-15,107.64
2018-08-16,107.58
2018-08-19,106.87
2018-08-20,105.98
2018-08-21,107.06
2018-08-22,107.56
2018-08-23,108.4
2018-08-26,109.6
2018-08-27,110.26
2018-08-28,112.02
2018-08-29,111.95
2018-08-30,112.33
2018-09-03,111.71
2018-09-04,108.49
2018-09-05,108.74
2018-09-06,108.21
2018-09-09,109.38
2018-09-10,111.24
2018-09-11,111.71
2018-09-12,112.91
2018-09-13,113.37
2018-09-16,112.14
2018-09-17,113.21
2018-09-18,111.7
2018-09-19,113.57
2018-09-20,114.26
2018-09-23,114.67
2018-09-24,114.45
2018-09-25,113.98
2018-09-26,114.41
2018-09-27,114.37
2018-09-30,115.61
2018-10-01,115.15
2018-10-02,115.17
2018-10-03,112.79
2018-10-04,112.13
2018-10-07,110.85
2018-10-08,112.26
2018-10-09,106.16
2018-10-10,105.91
2018-10-11,109.57
2018-10-14,107.6
2018-10-15,111.0
2018-10-16,110.71
2018-10-17,108.5
2018-10-18,108.66
2018-10-21,109.63
2018-10-22,108.1
2018-10-23,102.32
2018-10-24,108.3
2018-10-25,106.96
2018-10-28,103.85
2018-10-29,103.73
2018-10-30,106.81
2018-10-31,105.92
2018-11-01,106.16
2018-11-04,107.51
2018-11-05,107.72
2018-11-06,111.96
2018-11-07,111.75
2018-11-08,109.57
2018-11-11,106.87
2018-11-12,106.94
2018-11-13,104.97
2018-11-14,107.28
2018-11-15,108.29
2018-11-18,104.62
2018-11-19,101.71
2018-11-20,103.11
2018-11-22,103.07
2018-11-25,106.47
2018-11-26,107.14
2018-11-27,111.12
2018-11-28,110.19
2018-11-29,110.89
2018-12-02,112.09
2018-12-03,108.52
2018-12-05,109.19
2018-12-06,104.82
2018-12-09,107.59
2018-12-10,108.59
2018-12-11,109.08
2018-12-12,109.45
2018-12-13,106.03
2018-12-16,102.89
2018-12-17,103.97
2018-12-18,103.69
2018-12-19,101.51
2018-12-20,98.23
2018-12-23,94.13
2018-12-25,100.56
2018-12-26,101.18
2018-12-27,100.39
2018-12-30,101.57
2019-01-01,101.12
2019-01-02,97.4
2019-01-03,101.93
2019-01-06,102.06
2019-01-07,102.8
2019-01-08,104.27
2019-01-09,103.6
2019-01-10,102.8
2019-01-13,102.05
2019-01-14,105.01
2019-01-15,105.38
2019-01-16,106.12
2019-01-17,107.71
2019-01-21,105.68
2019-01-22,106.71
2019-01-23,106.2
2019-01-24,107.17
2019-01-27,105.08
2019-01-28,102.94
2019-01-29,106.38
2019-01-30,104.43
2019-01-31,102.78
2019-02-03,105.74
2019-02-04,107.22
2019-02-05,106.03
2019-02-06,105.27
2019-02-07,105.67
2019-02-10,105.25
2019-02-11,106.89
2019-02-12,106.81
2019-02-13,106.9
2019-02-14,108.22
2019-02-18,108.17
2019-02-19,107.15
2019-02-20,109.41
2019-02-21,110.97
2019-02-24,111.59
2019-02-25,112.36
2019-02-26,112.17
2019-02-27,112.03
2019-02-28,112.53
2019-03-03,112.26
2019-03-04,111.7
2019-03-05,111.75
2019-03-06,110.39
2019-03-07,110.51
2019-03-10,112.83
2019-03-11,113.62
2019-03-12,114.5
2019-03-13,114.59
2019-03-14,115.91
2019-03-17,117.57
2019-03-18,117.65
2019-03-19,117.52
2019-03-20,120.22
2019-03-21,117.05
2019-03-24,117.66
2019-03-25,117.91
2019-03-26,116.77
2019-03-27,116.93
2019-03-28,117.94
2019-03-31,119.02
2019-04-01,119.19
2019-04-02,119.97
2019-04-03,119.36
2019-04-04,119.89
2019-04-07,119.93
2019-04-08,119.28
2019-04-09,120.19
2019-04-10,120.33
2019-04-11,120.95
2019-04-14,121.05
2019-04-15,120.77
2019-04-16,121.77
2019-04-17,123.37
2019-04-21,123.76
2019-04-22,125.44
2019-04-23,125.01
2019-04-24,129.15
2019-04-25,129.89
2019-04-28,129.77
2019-04-29,130.6
2019-04-30,127.88
2019-05-01,126.21
2019-05-02,128.9
2019-05-05,128.15
2019-05-06,125.52
2019-05-07,125.51
2019-05-08,125.5
2019-05-09,127.13
2019-05-12,123.35
2019-05-13,124.73
2019-05-14,126.02
2019-05-15,128.93
2019-05-16,128.07
2019-05-19,126.22
2019-05-20,126.9
2019-05-21,127.67
2019-05-22,126.18
2019-05-23,126.24
2019-05-27,126.16
2019-05-28,124.94
2019-05-29,125.73
2019-05-30,123.68
2019-06-02,119.84
2019-06-03,123.16
2019-06-04,125.83
2019-06-05,127.82
2019-06-06,131.4
2019-06-09,132.6
2019-06-10,132.1
2019-06-11,131.49
2019-06-12,132.32
2019-06-13,132.45
2019-06-16,132.85
2019-06-17,135.16
2019-06-18,135.69
2019-06-19,136.95
2019-06-20,136.97
2019-06-23,137.78
2019-06-24,133.43
2019-06-25,133.93
2019-06-26,134.15
2019-06-27,133.96
2019-06-30,135.68
2019-07-01,136.58
2019-07-02,137.46
2019-07-04,137.06
2019-07-07,136.96
2019-07-08,136.46
2019-07-09,137.85
2019-07-10,138.4
2019-07-11,138.9
2019-07-14,138.9
2019-07-15,137.08
2019-07-16,136.27
2019-07-17,136.42
2019-07-18,136.62
2019-07-21,138.43
2019-07-22,139.29
2019-07-23,140.72
2019-07-24,140.19
2019-07-25,141.34
2019-07-28,141.03
2019-07-29,140.35
2019-07-30,136.27
2019-07-31,138.06
2019-08-01,136.9
2019-08-04,132.21
2019-08-05,134.69
2019-08-06,135.28
2019-08-07,138.89
2019-08-08,137.71
2019-08-11,135.79
2019-08-12,138.6
2019-08-13,133.98
2019-08-14,133.68
2019-08-15,136.13
2019-08-18,138.41
2019-08-19,137.26
2019-08-20,138.79
2019-08-21,137.78
2019-08-22,133.39
2019-08-25,135.45
2019-08-26,135.74
2019-08-27,135.56
2019-08-28,138.12
2019-08-29,137.86
2019-09-02,136.04
2019-09-03,137.63
2019-09-04,140.05
2019-09-05,139.1
2019-09-08,137.52
2019-09-09,136.08
2019-09-10,136.12
2019-09-11,137.52
2019-09-12,137.32
2019-09-15,136.33
2019-09-16,137.39
2019-09-17,138.52
2019-09-18,141.07
2019-09-19,139.44
2019-09-22,139.14
2019-09-23,137.38
2019-09-24,139.36
2019-09-25,139.54
2019-09-26,137.73
2019-09-29,139.03
2019-09-30,137.07
2019-10-01,134.65
2019-10-02,136.28
2019-10-03,138.12
2019-10-06,137.12
2019-10-07,135.67
2019-10-08,138.24
2019-10-09,139.1
2019-10-10,139.68
2019-10-13,139.55
2019-10-14,141.57
2019-10-15,140.41
2019-10-16,139.69
2019-10-17,137.41
2019-10-20,138.43
2019-10-21,136.37
2019-10-22,137.24
2019-10-23,139.94
2019-10-24,140.73
2019-10-27,144.19
2019-10-28,142.83
2019-10-29,144.61
2019-10-30,143.37
2019-10-31,143.72
2019-11-03,144.55
2019-11-04,144.46
2019-11-05,144.06
2019-11-06,144.26
2019-11-07,145.96
2019-11-10,146.11
2019-11-11,147.07
2019-11-12,147.31
2019-11-13,148.06
2019-11-14,149.97
2019-11-17,150.34
2019-11-18,150.39
2019-11-19,149.62
2019-11-20,149.48
2019-11-21,149.59
2019-11-24,151.23
2019-11-25,152.03
2019-11-26,152.32
2019-11-28,151.38
2019-12-01,149.55
2019-12-02,149.31
2019-12-03,149.85
2019-12-04,149.93
2019-12-05,151.75
2019-12-08,151.36
2019-12-09,151.13
2019-12-10,151.7
2019-12-11,153.24
2019-12-12,154.53
2019-12-15,155.53
2019-12-16,154.69
2019-12-17,154.37
2019-12-18,155.71
2019-12-19,157.41
2019-12-22,157.41
2019-12-23,157.38
2019-12-25,158.67
2019-12-26,158.96
2019-12-29,157.59
2019-12-30,157.7
2020-01-01,160.62
2020-01-02,158.62
2020-01-05,159.03
2020-01-06,157.58
2020-01-07,160.09
2020-01-08,162.09
2020-01-09,161.34
2020-01-12,163.28
2020-01-13,162.13
2020-01-14,163.18
2020-01-15,166.17
2020-01-16,167.1
2020-01-20,166.5
2020-01-21,165.7
2020-01-22,166.72
2020-01-23,165.04
2020-01-26,162.28
2020-01-27,165.46
2020-01-28,168.04
2020-01-29,172.78
2020-01-30,170.23
2020-02-02,174.38
2020-02-03,180.12
2020-02-04,179.9
2020-02-05,183.63
2020-02-06,183.89
2020-02-09,188.7
2020-02-10,184.44
2020-02-11,184.71
2020-02-12,183.71
2020-02-13,185.35
2020-02-17,187.23
2020-02-18,187.28
2020-02-19,184.42
2020-02-20,178.59
2020-02-23,170.89
2020-02-24,168.07
2020-02-25,170.17
2020-02-26,158.18
2020-02-27,162.01
2020-03-01,172.79
2020-03-02,164.51
2020-03-03,170.55
2020-03-04,166.27
2020-03-05,161.57
2020-03-08,150.62
2020-03-09,160.92
2020-03-10,153.63
2020-03-11,139.06
2020-03-12,158.83
2020-03-15,135.42
2020-03-16,146.57
2020-03-17,140.4
2020-03-18,142.71
2020-03-19,137.35
2020-03-22,135.98
2020-03-23,148.34
2020-03-24,146.92
2020-03-25,156.11
2020-03-26,149.7
2020-03-29,160.23
2020-03-30,157.71
2020-03-31,152.11
2020-04-01,155.26
2020-04-02,153.83
2020-04-05,165.27
2020-04-06,163.49
2020-04-07,165.13
2020-04-08,165.14
2020-04-12,165.51
2020-04-13,173.7
2020-04-14,171.88
2020-04-15,177.04
2020-04-16,178.6
2020-04-19,175.06
2020-04-20,167.82
2020-04-21,173.52
2020-04-22,171.42
2020-04-23,174.55
2020-04-26,174.05
2020-04-27,169.81
2020-04-28,177.43
2020-04-29,179.21
2020-04-30,174.57
2020-05-03,178.84
2020-05-04,180.76
2020-05-05,182.54
2020-05-06,183.6
2020-05-07,184.68
2020-05-10,186.74
2020-05-11,182.51
2020-05-12,179.75
2020-05-13,180.53
2020-05-14,183.16
2020-05-17,184.91
2020-05-18,183.63
2020-05-19,185.66
2020-05-20,183.43
2020-05-21,183.51
2020-05-25,181.57
2020-05-26,181.81
2020-05-27,181.4
2020-05-28,183.25
2020-05-31,182.83
2020-06-01,184.91
2020-06-02,185.36
2020-06-03,182.92
2020-06-04,187.2
2020-06-07,188.36
2020-06-08,189.8
2020-06-09,196.84
2020-06-10,186.27
2020-06-11,187.74
2020-06-14,188.94
2020-06-15,193.57
2020-06-16,194.24
2020-06-17,196.32
2020-06-18,195.15
2020-06-21,200.57
2020-06-22,201.91
2020-06-23,197.84
2020-06-24,200.34
2020-06-25,196.33
2020-06-28,198.44
2020-06-29,203.51
2020-06-30,204.7
2020-07-01,206.26
2020-07-05,210.7
2020-07-06,208.25
2020-07-07,212.83
2020-07-08,214.32
2020-07-09,213.67
2020-07-12,207.07
2020-07-13,208.35
2020-07-14,208.04
2020-07-15,203.92
2020-07-16,202.88
2020-07-19,211.6
2020-07-20,208.75
2020-07-21,211.75
2020-07-22,202.54
2020-07-23,201.3
2020-07-26,203.85
2020-07-27,202.02
2020-07-28,204.06
2020-07-29,203.9
2020-07-30,205.01
2020-08-02,216.54
2020-08-03,213.29
2020-08-04,212.94
2020-08-05,216.35
2020-08-06,212.48
2020-08-09,208.25
2020-08-10,203.38
2020-08-11,209.19
2020-08-12,208.7
2020-08-13,208.9
2020-08-16,210.28
2020-08-17,211.49
2020-08-18,209.7
2020-08-19,214.58
2020-08-20,213.02
2020-08-23,213.69
2020-08-24,216.47
2020-08-25,221.15
2020-08-26,226.58
2020-08-27,228.91
2020-08-30,225.53
2020-08-31,227.27
2020-09-01,231.65
2020-09-02,217.3
2020-09-03,214.25
2020-09-07,202.66
2020-09-08,211.29
2020-09-09,205.37
2020-09-10,204.03
2020-09-13,205.41
2020-09-14,208.78
2020-09-15,205.05
2020-09-16,202.91
2020-09-17,200.39
2020-09-20,202.54
2020-09-21,207.42
2020-09-22,200.59
2020-09-23,203.19
2020-09-24,207.82
2020-09-27,209.44
2020-09-28,207.26
2020-09-29,210.33
2020-09-30,212.46
2020-10-01,206.19
2020-10-04,210.38
2020-10-05,205.91
2020-10-06,209.83
2020-10-07,210.58
2020-10-08,215.81
2020-10-11,221.4
2020-10-12,222.86
2020-10-13,220.86
2020-10-14,219.66
2020-10-15,219.66
2020-10-18,214.22
2020-10-19,214.65
2020-10-20,214.8
2020-10-21,214.89
2020-10-22,216.23
2020-10-25,210.08
2020-10-26,213.25
2020-10-27,202.68
2020-10-28,204.72
2020-10-29,202.47
2020-11-01,202.33
2020-11-02,206.43
2020-11-03,216.39
2020-11-04,223.29
2020-11-05,223.72
2020-11-08,218.39
2020-11-09,211.01
2020-11-10,216.55
2020-11-11,215.44
2020-11-12,216.51
2020-11-15,217.23
2020-11-16,214.46
2020-11-17,211.08
2020-11-18,212.42
2020-11-19,210.39
2020-11-22,210.11
2020-11-23,213.86
2020-11-24,213.87
2020-11-26,215.23
2020-11-29,214.07
2020-11-30,216.21
2020-12-01,215.37
2020-12-02,214.24
2020-12-03,214.36
2020-12-06,214.29
2020-12-07,216.01
2020-12-08,211.8
2020-12-09,210.52
2020-12-10,213.26
2020-12-13,214.2
2020-12-14,214.13
2020-12-15,219.28
2020-12-16,219.42
2020-12-17,218.59
2020-12-20,222.59
2020-12-21,223.94
2020-12-22,221.02
2020-12-23,222.75
2020-12-27,224.96
2020-12-28,224.15
2020-12-29,221.68
2020-12-30,222.42
2021-01-03,217.69
2021-01-04,217.9
2021-01-05,212.25
2021-01-06,218.29
2021-01-07,219.62
2021-01-10,217.49
2021-01-11,214.93
2021-01-12,216.34
2021-01-13,213.02
2021-01-14,212.65
2021-01-18,216.44
2021-01-19,224.34
2021-01-20,224.97
2021-01-21,225.95
2021-01-24,229.53
2021-01-25,232.33
2021-01-26,232.9
2021-01-27,238.93
2021-01-28,231.96
2021-01-31,239.65
2021-02-01,239.51
2021-02-02,243.0
2021-02-03,242.01
2021-02-04,242.2
2021-02-07,242.47
2021-02-08,243.77
2021-02-09,242.82
2021-02-10,244.49
2021-02-11,244.99
2021-02-15,243.7
2021-02-16,244.2
2021-02-17,243.79
2021-02-18,240.97
2021-02-21,234.51
2021-02-22,233.27
2021-02-23,234.55
2021-02-24,228.99
2021-02-25,232.38
2021-02-28,236.94
2021-03-01,233.87
2021-03-02,227.56
2021-03-03,226.73
2021-03-04,231.6
2021-03-07,227.39
2021-03-08,233.78
2021-03-09,232.42
2021-03-10,237.13
2021-03-11,235.75
2021-03-14,234.81
2021-03-15,237.71
2021-03-16,237.04
2021-03-17,230.72
2021-03-18,230.35
2021-03-21,235.99
2021-03-22,237.58
2021-03-23,235.46
2021-03-24,232.34
2021-03-25,236.48
2021-03-28,235.24
2021-03-29,231.85
2021-03-30,235.77
2021-03-31,242.35
2021-04-04,249.07
2021-04-05,247.86
2021-04-06,249.9
2021-04-07,253.25
2021-04-08,255.85
2021-04-11,255.91
2021-04-12,258.49
2021-04-13,255.59
2021-04-14,259.5
2021-04-15,260.74
2021-04-18,258.74
2021-04-19,258.26
2021-04-20,260.58
2021-04-21,257.17
2021-04-22,261.15
2021-04-25,261.55
2021-04-26,261.97
2021-04-27,254.56
2021-04-28,252.51
2021-04-29,252.18
2021-05-02,251.86
2021-05-03,247.79
2021-05-04,246.47
2021-05-05,249.73
2021-05-06,252.46
2021-05-09,247.18
2021-05-10,246.23
2021-05-11,239.0
2021-05-12,243.03
2021-05-13,248.15
2021-05-16,245.18
2021-05-17,243.08
2021-05-18,243.12
2021-05-19,246.48
2021-05-20,245.17
2021-05-23,250.78
2021-05-24,251.72
2021-05-25,251.49
2021-05-26,249.31
2021-05-27,249.68
2021-05-31,247.4
2021-06-01,247.3
2021-06-02,245.71
2021-06-03,250.79
2021-06-06,253.81
2021-06-07,252.57
2021-06-08,253.59
2021-06-09,257.24
2021-06-10,257.89
2021-06-13,259.89
2021-06-14,258.36
2021-06-15,257.38
2021-06-16,260.9
2021-06-17,259.43
2021-06-20,262.63
2021-06-21,265.51
2021-06-22,265.275
2021-06-23,266.69
2021-06-24,265.02
2021-06-27,268.72
2021-06-28,271.4
2021-06-29,270.9
2021-06-30,271.6
2021-07-01,277.65
2021-07-05,277.66
2021-07-06,279.93
2021-07-07,277.42
2021-07-08,277.94
2021-07-11,277.32
2021-07-12,280.98
2021-07-13,282.51
2021-07-14,281.03
2021-07-15,280.75
2021-07-18,277.01
2021-07-19,279.32
2021-07-20,281.4
2021-07-21,286.14
2021-07-22,289.67
2021-07-25,289.05
2021-07-26,286.54
2021-07-27,286.22
2021-07-28,286.5
2021-07-29,284.91
2021-08-01,284.82
2021-08-02,287.12
2021-08-03,286.51
2021-08-04,289.52
2021-08-05,289.46
2021-08-08,288.33
2021-08-09,286.44
2021-08-10,286.95
2021-08-11,289.81
2021-08-12,292.85
2021-08-15,294.6
2021-08-16,293.08
2021-08-17,290.73
2021-08-18,296.77
2021-08-19,304.36
2021-08-22,304.65
2021-08-23,302.62
2021-08-24,302.01
2021-08-25,299.09
2021-08-26,299.72
2021-08-29,303.59
2021-08-30,301.88
2021-08-31,301.83
2021-09-01,301.15
2021-09-02,301.14
2021-09-06,300.18
2021-09-07,300.21
2021-09-08,297.25
2021-09-09,295.71
2021-09-12,296.99
2021-09-13,299.79
2021-09-14,304.82
2021-09-15,305.22
2021-09-16,299.87
2021-09-19,294.3
2021-09-20,294.8
2021-09-21,298.58
2021-09-22,299.56
2021-09-23,299.35
2021-09-26,294.17
2021-09-27,283.52
2021-09-28,284.0
2021-09-29,281.92
2021-09-30,289.1
2021-10-03,283.11
2021-10-04,288.76
2021-10-05,293.11
2021-10-06,294.85
2021-10-07,294.85
2021-10-10,294.23
2021-10-11,292.88
2021-10-12,296.31
2021-10-13,302.75
2021-10-14,304.21
2021-10-17,307.29
2021-10-18,308.23
2021-10-19,307.41
2021-10-20,310.76
2021-10-21,309.16
2021-10-24,308.13
2021-10-25,310.11
2021-10-26,323.17
2021-10-27,324.35
2021-10-28,331.62
2021-10-31,329.37
2021-11-01,333.13
2021-11-02,334.0
2021-11-03,336.44
2021-11-04,336.06
2021-11-07,336.99
2021-11-08,335.95
2021-11-09,330.8
2021-11-10,332.43
2021-11-11,336.72
2021-11-14,336.07
2021-11-15,339.51
2021-11-16,339.12
2021-11-17,341.27
2021-11-18,343.11
2021-11-21,339.83
2021-11-22,337.68
2021-11-23,337.91
2021-11-25,329.68
2021-11-28,336.63
2021-11-29,330.59
2021-11-30,330.08
2021-12-01,329.49
2021-12-02,323.01
2021-12-05,326.19
2021-12-06,334.92
2021-12-07,334.97
2021-12-08,333.1
2021-12-09,342.54
2021-12-12,339.4
2021-12-13,328.34
2021-12-14,334.65
2021-12-15,324.9
2021-12-16,323.8
2021-12-19,319.91
2021-12-20,327.29
2021-12-21,333.2
2021-12-22,334.69
2021-12-26,342.45
2021-12-27,341.25
2021-12-28,341.95
2021-12-29,339.32
2021-12-30,336.32
2022-01-02,334.75
2022-01-03,329.01
2022-01-04,316.38
2022-01-05,313.88
2022-01-06,314.04
2022-01-09,314.27
2022-01-10,314.98
2022-01-11,318.27
2022-01-12,304.8
2022-01-13,310.2
2022-01-17,302.65
2022-01-18,303.33
2022-01-19,301.6
2022-01-20,296.03
2022-01-23,296.37
2022-01-24,288.49
2022-01-25,296.71
2022-01-26,299.84
2022-01-27,308.26
2022-01-30,310.98
2022-01-31,308.76
2022-02-01,313.46
2022-02-02,301.25
2022-02-03,305.94
2022-02-06,300.95
2022-02-07,304.56
2022-02-08,311.21
2022-02-09,302.38
2022-02-10,295.04
2022-02-13,295.0
2022-02-14,300.47
2022-02-15,299.5
2022-02-16,290.73
2022-02-17,287.93
2022-02-21,287.72
2022-02-22,280.27
2022-02-23,294.59
2022-02-24,297.31
2022-02-27,298.79
2022-02-28,294.95
2022-03-01,300.19
2022-03-02,295.92
2022-03-03,289.86
2022-03-06,278.91
2022-03-07,275.85
2022-03-08,288.5
2022-03-09,285.59
2022-03-10,280.07
2022-03-13,276.44
2022-03-14,287.15
2022-03-15,294.39
2022-03-16,295.22
2022-03-17,300.43
2022-03-20,299.16
2022-03-21,304.06
2022-03-22,299.49
2022-03-23,304.1
2022-03-24,303.68
2022-03-27,310.7
2022-03-28,315.41
2022-03-29,313.86
2022-03-30,308.31
2022-03-31,309.42
2022-04-03,314.97
2022-04-04,310.88
2022-04-05,299.5
2022-04-06,301.37
2022-04-07,296.97
2022-04-10,285.26
2022-04-11,282.06
2022-04-12,287.62
2022-04-13,279.83
2022-04-17,280.52
2022-04-18,285.3
2022-04-19,286.36
2022-04-20,280.81
2022-04-21,274.03
2022-04-24,280.72
2022-04-25,270.22
2022-04-26,283.22
2022-04-27,289.63
2022-04-28,277.52
2022-05-01,284.47
2022-05-02,281.78
2022-05-03,289.98
2022-05-04,277.35
2022-05-05,274.73
2022-05-08,264.58
2022-05-09,269.5
2022-05-10,260.55
2022-05-11,255.35
2022-05-12,261.12
2022-05-15,261.5
2022-05-16,266.82
2022-05-17,254.08
2022-05-18,253.14
2022-05-19,252.56
2022-05-22,260.65
2022-05-23,259.62
2022-05-24,262.52
2022-05-25,265.9
2022-05-26,273.24
2022-05-30,271.87
2022-05-31,272.42
2022-06-01,274.58
2022-06-02,270.02
2022-06-05,268.75
2022-06-06,272.5
2022-06-07,270.41
2022-06-08,264.79
2022-06-09,252.99
2022-06-12,242.26
2022-06-13,244.49
2022-06-14,251.76
2022-06-15,244.97
2022-06-16,247.65
2022-06-20,253.74
2022-06-21,253.13
2022-06-22,258.86
2022-06-23,267.7
2022-06-26,264.89
2022-06-27,256.48
2022-06-28,260.26
2022-06-29,256.83
2022-06-30,259.58
2022-07-04,262.85
2022-07-05,266.21
2022-07-06,268.4
2022-07-07,267.66
2022-07-10,264.51
2022-07-11,253.67
2022-07-12,252.72
2022-07-13,254.08
2022-07-14,256.72
2022-07-17,254.25
2022-07-18,259.53
2022-07-19,262.27
2022-07-20,264.84
2022-07-21,260.36
2022-07-24,258.83
2022-07-25,251.9
2022-07-26,268.74
2022-07-27,276.41
2022-07-28,280.74
2022-07-31,278.01
2022-08-01,274.82
2022-08-02,282.47
2022-08-03,283.65
2022-08-04,282.91
2022-08-07,280.32
2022-08-08,282.3
2022-08-09,289.16
2022-08-10,287.02
2022-08-11,291.91
2022-08-14,293.47
2022-08-15,292.71
2022-08-16,291.32
2022-08-17,290.17
2022-08-18,286.15
2022-08-21,277.75
2022-08-22,276.44
2022-08-23,275.79
2022-08-24,278.85
2022-08-25,268.09
2022-08-28,265.23
2022-08-29,262.97
2022-08-30,261.47
2022-08-31,260.4
2022-09-01,256.06
2022-09-05,253.25
2022-09-06,258.09
2022-09-07,258.52
2022-09-08,264.46
2022-09-11,266.65
2022-09-12,251.99
2022-09-13,252.22
2022-09-14,245.38
2022-09-15,244.74
2022-09-18,244.52
2022-09-19,242.45
2022-09-20,238.95
2022-09-21,240.98
2022-09-22,237.92
2022-09-25,237.45
2022-09-26,236.41
2022-09-27,241.07
2022-09-28,237.5
2022-09-29,232.9
2022-10-02,240.74
2022-10-03,248.88
2022-10-04,249.2
2022-10-05,246.79
2022-10-06,234.24
2022-10-09,229.25
2022-10-10,225.41
2022-10-11,225.75
2022-10-12,234.24
2022-10-13,228.56
2022-10-16,237.53
2022-10-17,238.5
2022-10-18,236.48
2022-10-19,236.15
2022-10-20,242.12
2022-10-23,247.25
2022-10-24,250.66
2022-10-25,231.32
2022-10-26,226.75
2022-10-27,235.87
2022-10-30,232.13
2022-10-31,228.17
2022-11-01,220.1
2022-11-02,214.25
2022-11-03,221.39
2022-11-06,227.87
2022-11-07,228.87
2022-11-08,224.51
2022-11-09,242.98
2022-11-10,247.11
2022-11-13,241.55
2022-11-14,241.97
2022-11-15,241.73
2022-11-16,241.68
2022-11-17,241.22
2022-11-20,242.05
2022-11-21,245.03
2022-11-22,247.58
2022-11-24,247.49
2022-11-27,241.76
2022-11-28,240.33
2022-11-29,255.14
2022-11-30,254.69
2022-12-01,255.02
2022-12-04,250.2
2022-12-05,245.12
2022-12-06,244.37
2022-12-07,247.4
2022-12-08,245.42
2022-12-11,252.51
2022-12-12,256.92
2022-12-13,257.22
2022-12-14,249.01
2022-12-15,244.69
2022-12-18,240.45
2022-12-19,241.8
2022-12-20,244.43
2022-12-21,238.19
2022-12-22,238.73
2022-12-26,236.96
2022-12-27,234.53
2022-12-28,241.01
2022-12-29,239.82
2023-01-02,239.58
2023-01-03,229.1
2023-01-04,222.31
2023-01-05,224.93
2023-01-08,227.12
2023-01-09,228.85
2023-01-10,235.77
2023-01-11,238.51
2023-01-12,239.23
2023-01-16,240.35
2023-01-17,235.81
2023-01-18,231.93
2023-01-19,240.22
2023-01-22,242.58
2023-01-23,242.04
2023-01-24,240.61
2023-01-25,248.0
2023-01-26,248.16
2023-01-29,242.71
2023-01-30,247.81
2023-01-31,252.75
2023-02-01,264.6
2023-02-02,258.35
2023-02-05,256.77
2023-02-06,267.56
2023-02-07,266.73
2023-02-08,263.62
2023-02-09,263.1
2023-02-12,271.32
2023-02-13,272.17
2023-02-14,269.32
2023-02-15,262.15
2023-02-16,258.06
2023-02-20,252.67
2023-02-21,251.51
2023-02-22,254.77
2023-02-23,249.22
2023-02-26,250.16
2023-02-27,249.42
2023-02-28,246.27
2023-03-01,251.11
2023-03-02,255.29
2023-03-05,256.87
2023-03-06,254.15
2023-03-07,253.7
2023-03-08,252.32
2023-03-09,248.59
2023-03-12,253.92
2023-03-13,260.79
2023-03-14,265.44
2023-03-15,276.2
2023-03-16,279.43
2023-03-19,272.23
2023-03-20,273.78
2023-03-21,272.29
2023-03-22,277.66
2023-03-23,280.57
2023-03-26,276.38
2023-03-27,275.23
2023-03-28,280.51
2023-03-29,284.05
2023-03-30,288.3
2023-04-02,287.23
2023-04-03,287.18
2023-04-04,284.34
2023-04-05,291.6
2023-04-09,289.39
2023-04-10,282.83
2023-04-11,283.49
2023-04-12,289.84
2023-04-13,286.14
2023-04-16,288.8
2023-04-17,288.37
2023-04-18,288.45
2023-04-19,286.11
2023-04-20,285.76
2023-04-23,281.77
2023-04-24,275.42
2023-04-25,295.37
2023-04-26,304.83
2023-04-27,307.26
2023-04-30,305.56
2023-05-01,305.41
2023-05-02,304.4
2023-05-03,305.41
2023-05-04,310.65
2023-05-07,308.65
2023-05-08,307.0
2023-05-09,312.31
2023-05-10,310.11
2023-05-11,308.97
2023-05-14,309.46
2023-05-15,311.74
2023-05-16,314.0
2023-05-17,318.52
2023-05-18,318.34
2023-05-21,321.18
2023-05-22,315.26
2023-05-23,313.85
2023-05-24,325.92
2023-05-25,332.89
2023-05-29,331.21
2023-05-30,328.39
2023-05-31,332.58
2023-06-01,335.4
2023-06-04,335.94
2023-06-05,333.68
2023-06-06,323.38
2023-06-07,325.26
2023-06-08,326.79
2023-06-11,331.85
2023-06-12,334.29
2023-06-13,337.34
2023-06-14,348.1
2023-06-15,342.33
2023-06-19,338.05
2023-06-20,333.56
2023-06-21,339.71
2023-06-22,335.02
2023-06-25,328.6
2023-06-26,334.57
2023-06-27,335.85
2023-06-28,335.05
2023-06-29,340.54
2023-07-02,337.99
2023-07-04,338.15
2023-07-05,341.27
2023-07-06,337.22
2023-07-09,331.83
2023-07-10,332.47
2023-07-11,337.2
2023-07-12,342.66
2023-07-13,345.24
2023-07-16,345.73
2023-07-17,359.49
2023-07-18,355.08
2023-07-19,346.87
2023-07-20,343.77
2023-07-23,345.11
2023-07-24,350.98
2023-07-25,337.77
2023-07-26,330.72
2023-07-27,338.37
2023-07-30,335.92
2023-07-31,336.34
2023-08-01,327.5
2023-08-02,326.66
2023-08-03,327.78
2023-08-06,330.11
2023-08-07,326.05
2023-08-08,322.23
2023-08-09,322.93
2023-08-10,321.01
2023-08-13,324.04
2023-08-14,321.86
2023-08-15,320.4
2023-08-16,316.88
2023-08-17,316.48
2023-08-20,321.88
2023-08-21,322.46
2023-08-22,327.0
2023-08-23,319.97
2023-08-24,322.98
2023-08-27,323.7
2023-08-28,328.41
2023-08-29,328.79
2023-08-30,327.76
2023-08-31,328.66
2023-09-04,333.55
2023-09-05,332.88
2023-09-06,329.91
2023-09-07,334.27
2023-09-10,337.94
2023-09-11,331.77
2023-09-12,336.06
2023-09-13,338.7
2023-09-14,330.22
2023-09-17,329.06
2023-09-18,328.65
2023-09-19,320.77
2023-09-20,319.53
2023-09-21,317.01
2023-09-24,317.54
2023-09-25,312.14
2023-09-26,312.79
2023-09-27,313.64
2023-09-28,315.75
2023-10-01,321.8
2023-10-02,313.39
2023-10-03,318.955
2023-10-04,319.36
2023-10-05,327.26
2023-10-08,329.82
2023-10-09,328.39
2023-10-10,332.42
2023-10-11,331.16
2023-10-12,327.73
2023-10-15,332.64
2023-10-16,332.06
2023-10-17,330.11
2023-10-18,331.32
2023-10-19,326.67
2023-10-22,329.32
2023-10-23,330.53
2023-10-24,340.67
2023-10-25,327.89
2023-10-26,329.81
2023-10-29,337.31
2023-10-30,338.11
2023-10-31,346.07
2023-11-01,348.32
2023-11-02,352.8
2023-11-05,356.53
2023-11-06,360.53
2023-11-07,363.2
2023-11-08,360.69
2023-11-09,369.67
2023-11-12,366.68
2023-11-13,370.27
2023-11-14,369.67
2023-11-15,376.17
2023-11-16,369.85
2023-11-19,377.44
2023-11-20,373.07
2023-11-21,377.85
2023-11-23,377.43
2023-11-26,378.61
2023-11-27,382.7
2023-11-28,378.85
2023-11-29,378.91
2023-11-30,374.51
2023-12-03,369.14
2023-12-04,372.52
2023-12-05,368.8
2023-12-06,370.95
2023-12-07,374.23
2023-12-10,371.3
2023-12-11,374.38
2023-12-12,374.37
2023-12-13,365.93
2023-12-14,370.73
2023-12-17,372.65
2023-12-18,373.26
2023-12-19,370.62
2023-12-20,373.54
2023-12-21,374.58
2023-12-25,374.66
2023-12-26,374.07
2023-12-27,375.28
2023-12-28,376.04
2024-01-01,370.87
2024-01-02,370.6
2024-01-03,367.94
2024-01-04,367.75
2024-01-07,374.69
2024-01-08,375.79
2024-01-09,382.77
2024-01-10,384.63
2024-01-11,388.47
2024-01-15,390.27
2024-01-16,389.47
2024-01-17,393.87
2024-01-18,398.67
2024-01-21,396.51
2024-01-22,398.9
2024-01-23,402.56
2024-01-24,404.87
2024-01-25,403.93
2024-01-28,409.72
2024-01-29,408.59
2024-01-30,397.58
2024-01-31,403.78
2024-02-01,411.22
2024-02-04,405.65
2024-02-05,405.49
2024-02-06,414.05
2024-02-07,414.11
2024-02-08,420.55
2024-02-11,415.26
2024-02-12,406.32
2024-02-13,409.49
2024-02-14,406.56
2024-02-15,404.06
2024-02-19,402.79
2024-02-20,402.18
2024-02-21,411.65
2024-02-22,410.34
2024-02-25,407.54
2024-02-26,407.48
2024-02-27,407.72
2024-02-28,413.64
2024-02-29,415.5
2024-03-03,414.92
2024-03-04,402.65
2024-03-05,402.09
2024-03-06,409.14
2024-03-07,406.22
2024-03-10,404.52
2024-03-11,415.28
2024-03-12,415.1
2024-03-13,425.22
2024-03-14,416.42
2024-03-17,417.32
2024-03-18,421.41
2024-03-19,425.23
2024-03-20,429.37
2024-03-21,428.74
2024-03-24,422.86
2024-03-25,421.65
2024-03-26,421.43
2024-03-27,420.72
2024-03-31,424.57
2024-04-01,421.44
2024-04-02,420.45
2024-04-03,417.88
2024-04-04,425.52
2024-04-07,424.59
2024-04-08,426.28
2024-04-09,423.26
2024-04-10,427.93
2024-04-11,421.9
2024-04-14,413.64
2024-04-15,414.58
2024-04-16,411.84
2024-04-17,404.27
2024-04-18,399.12
2024-04-21,400.96
2024-04-22,407.57
2024-04-23,409.06
2024-04-24,399.04
2024-04-25,406.32
2024-04-28,402.25
2024-04-29,389.33
2024-04-30,394.94
2024-05-01,397.84
2024-05-02,406.66
2024-05-05,413.54
2024-05-06,409.34
2024-05-07,410.54
2024-05-08,412.32
2024-05-09,414.74
2024-05-12,413.72
2024-05-13,416.56
2024-05-14,423.08
2024-05-15,420.99
2024-05-16,420.21
2024-05-19,425.34
2024-05-20,429.04
2024-05-21,430.52
2024-05-22,427.0
2024-05-23,430.16
2024-05-27,430.32
2024-05-28,429.17
2024-05-29,414.67
2024-05-30,415.13
2024-06-02,413.52
2024-06-03,416.07
2024-06-04,424.01
2024-06-05,424.52
2024-06-06,423.85
2024-06-09,427.87
2024-06-10,432.68
2024-06-11,441.06
2024-06-12,441.58
2024-06-13,442.57
2024-06-16,448.37
2024-06-17,446.34
2024-06-19,445.7
2024-06-20,449.78
2024-06-23,447.67
2024-06-24,450.95
2024-06-25,452.16
2024-06-26,452.85
2024-06-27,446.95
2024-06-30,456.73
2024-07-01,459.28
2024-07-02,460.77
2024-07-04,467.56
2024-07-07,466.24
2024-07-08,459.54
2024-07-09,466.25
2024-07-10,454.7
2024-07-11,453.55
2024-07-14,453.96
2024-07-15,449.52
2024-07-16,443.52
2024-07-17,440.37
2024-07-18,437.11
2024-07-21,442.94
2024-07-22,444.85
2024-07-23,428.9
2024-07-24,418.4
2024-07-25,425.27
2024-07-28,426.73
2024-07-29,422.92
2024-07-30,418.35
2024-07-31,417.11
2024-08-01,408.49
2024-08-04,395.15
2024-08-05,399.61
2024-08-06,398.43
2024-08-07,402.69
2024-08-08,406.02
2024-08-11,406.81
2024-08-12,414.01
2024-08-13,416.86
2024-08-14,421.03
2024-08-15,418.47
2024-08-18,421.53
2024-08-19,424.8
2024-08-20,424.14
2024-08-21,415.55
2024-08-22,416.79
2024-08-25,413.49
2024-08-26,413.84
2024-08-27,410.6
2024-08-28,413.12
2024-08-29,417.14
2024-09-02,409.44
2024-09-03,408.9
2024-09-04,408.39
2024-09-05,401.7
2024-09-08,405.72
2024-09-09,414.2
2024-09-10,423.04
2024-09-11,427.0
2024-09-12,430.59
2024-09-15,431.34
2024-09-16,435.15
2024-09-17,430.81
2024-09-18,438.69
2024-09-19,435.27
2024-09-22,433.51
2024-09-23,429.17
2024-09-24,432.11
2024-09-25,431.31
2024-09-26,428.02
2024-09-29,430.3
2024-09-30,420.69
2024-10-01,417.13
2024-10-02,416.54
2024-10-03,416.06
2024-10-06,409.54
2024-10-07,414.71
2024-10-08,417.46
2024-10-09,415.84
2024-10-10,416.32
2024-10-13,419.14
2024-10-14,418.74
2024-10-15,416.12
2024-10-16,416.72
2024-10-17,418.16
2024-10-20,418.78
2024-10-21,427.51
2024-10-22,424.6
2024-10-23,424.73
2024-10-24,428.15
2024-10-27,426.59
2024-10-28,431.95
2024-10-29,432.53
2024-10-30,406.35
2024-10-31,410.37
2024-11-03,408.46
2024-11-04,411.46
2024-11-05,420.18
2024-11-06,425.43
2024-11-07,422.54
2024-11-10,418.01
2024-11-11,423.03
2024-11-12,425.2
2024-11-13,426.89
2024-11-14,415.0
2024-11-17,415.76
2024-11-18,417.79
2024-11-19,415.49
2024-11-20,412.87
2024-11-21,417.0
2024-11-24,418.79
2024-11-25,427.99
2024-11-26,422.99
2024-11-28,423.46
2024-12-01,430.98
2024-12-02,431.2
2024-12-03,437.42
2024-12-04,442.62
2024-12-05,443.57
2024-12-08,446.02
2024-12-09,443.33
2024-12-10,448.99
2024-12-11,449.56
2024-12-12,447.27
2024-12-15,451.59
2024-12-16,454.46
2024-12-17,437.39
2024-12-18,437.03
2024-12-19,436.6
2024-12-22,435.25
2024-12-23,439.33
2024-12-25,438.11
2024-12-26,430.53
2024-12-29,424.83
2024-12-30,421.5
2025-01-01,418.58
2025-01-02,423.35
2025-01-05,427.85
2025-01-06,422.37
2025-01-07,424.56
2025-01-09,418.95
2025-01-12,417.19
2025-01-13,415.67
2025-01-14,426.31
2025-01-15,424.58
2025-01-16,429.03
2025-01-20,428.5
2025-01-21,446.2
2025-01-22,446.71
2025-01-23,444.06
2025-01-26,434.56
2025-01-27,447.2
2025-01-28,442.33
2025-01-29,414.99
2025-01-30,415.06
2025-02-02,410.92
2025-02-03,412.37
2025-02-04,413.29
2025-02-05,415.82
2025-02-06,409.75
2025-02-09,412.22
2025-02-10,411.44
2025-02-11,409.04
2025-02-12,410.54
2025-02-13,408.43
2025-02-17,409.64
2025-02-18,414.77
2025-02-19,416.13
2025-02-20,408.21
2025-02-23,404.0
2025-02-24,397.9
2025-02-25,399.73
2025-02-26,392.53
2025-02-27,396.99
2025-03-02,388.49
2025-03-03,388.61
2025-03-04,401.02
2025-03-05,396.89
2025-03-06,393.31
2025-03-09,380.16
2025-03-10,380.45
2025-03-11,383.27
2025-03-12,378.77
2025-03-13,388.56
2025-03-16,388.7
2025-03-17,383.52
2025-03-18,387.82
2025-03-19,386.84
2025-03-20,391.26
2025-03-23,393.08
2025-03-24,395.16
2025-03-25,389.97
2025-03-26,390.58
2025-03-27,378.8
2025-03-30,375.39
2025-03-31,382.19
2025-04-01,382.14
2025-04-02,373.11
2025-04-03,359.84
2025-04-06,357.86
2025-04-07,354.56
2025-04-08,390.49
2025-04-09,381.35
2025-04-10,388.45
2025-04-13,387.81
2025-04-14,385.73
2025-04-15,371.61
2025-04-16,367.78
2025-04-20,359.12
2025-04-21,366.82
2025-04-22,374.39
2025-04-23,387.3
2025-04-24,391.85
2025-04-27,391.16
2025-04-28,394.04
2025-04-29,395.26
2025-04-30,425.4
2025-05-01,435.28
2025-05-04,436.17
2025-05-05,433.31
2025-05-06,433.35
2025-05-07,438.17
2025-05-08,438.73
2025-05-11,449.26
2025-05-12,449.14
2025-05-13,452.94
2025-05-14,453.13
2025-05-15,454.27
2025-05-18,458.87
2025-05-19,458.17
2025-05-20,452.57
2025-05-21,454.86
2025-05-22,450.18
2025-05-26,460.69
2025-05-27,457.36
2025-05-28,458.68
2025-05-29,460.36
2025-06-01,461.97
2025-06-02,462.97
2025-06-03,463.87
2025-06-04,467.68
2025-06-05,470.38
2025-06-08,472.75
2025-06-09,470.92
2025-06-10,472.62
2025-06-11,478.87
2025-06-12,474.96
2025-06-15,479.14
2025-06-16,478.04
2025-06-17,480.24
2025-06-19,477.4
2025-06-22,486.0
2025-06-23,490.11
2025-06-24,492.27
2025-06-25,497.45
2025-06-26,495.94
2025-06-29,497.41
2025-06-30,492.05
2025-07-01,491.09
2025-07-02,498.84
2025-07-06,497.72
2025-07-07,496.62
2025-07-08,503.51
2025-07-09,501.48
2025-07-10,503.32
2025-07-13,503.02
2025-07-14,505.82
2025-07-15,505.62
2025-07-16,511.7
2025-07-17,510.05
2025-07-20,510.06
2025-07-21,505.27
2025-07-22,505.87
2025-07-23,510.88
2025-07-24,513.71
2025-07-27,512.5
2025-07-28,512.57
2025-07-29,513.24
2025-07-30,533.5
2025-07-31,524.11
2025-08-03,535.64
2025-08-04,527.75
2025-08-05,524.94
2025-08-06,520.84
2025-08-07,522.04
2025-08-10,521.77
2025-08-11,529.24
2025-08-12,520.58
2025-08-13,522.48
2025-08-14,520.17
2025-08-17,517.1
2025-08-18,509.77
2025-08-19,505.72
2025-08-20,504.24
2025-08-21,507.23
2025-08-24,504.26
2025-08-25,502.04
2025-08-26,506.74
2025-08-27,509.64
2025-08-28,506.69
